timestamp,date,total_downloads,total_likes,total_plays,total_library_adds
2026-06-15 06:28,2026-06-15,47995,486,364727,5255
2026-06-15 10:18,2026-06-15,48541,492,366866,5312
2026-06-15 12:04,2026-06-15,48647,493,367282,5333
2026-06-15 12:46,2026-06-15,48677,493,367399,5333
2026-06-15 13:04,2026-06-15,48691,493,367414,5334
2026-06-15 15:17,2026-06-15,48743,493,1102513,27750
2026-06-15 15:41,2026-06-15,48742,493,1102811,27760
2026-06-15 16:06,2026-06-15,48774,2797,1102923,26531
2026-06-15 16:15,2026-06-15,48763,2795,1102773,26523
2026-06-15 17:36,2026-06-15,48793,2800,1103545,26543
2026-06-15 18:06,2026-06-15,48813,2800,1104307,26552
2026-06-15 18:36,2026-06-15,48810,2799,1104321,26547
